id,user_bg_color,user_followers,text,user_description,created,user_location,coordinates,id_str,user_name,user_created,retweet_count,geo
1,C0DEED,2961,@Dolly0811 President Trump just did the WORST THING POSSIBLE to these 50 Tech Companies. https://t.co/j1M12dt8JO via @nationonenews,NEWS AND OPINION YOU WON'T FIND IN THE MAIN STREAM MEDIA,2017-03-16T22:20:49,"PUERTO RICO,U.S.A.",,842500933015822336,elgatoweebee,2013-08-08T17:03:44,0,
2,F5F8FA,15,@LouDobbs https://t.co/0NuVOsDPk9,,2017-03-16T22:20:50,,,842500933208555524,erni_cooper,2016-04-18T18:32:08,0,
3,F5F8FA,32,"To Avoid Sounding Dumb, Interpreters Modify Trump's Language https://t.co/PdiSijfnYL",Libtard. Teacher. Proud father of two amazing kids.,2017-03-16T22:20:50,United Kingdom,,842500933753946114,jaymb1967,2017-03-03T17:28:09,0,
4,C0DEED,67,@CNN but trump isn't responsible for any of this behavior?? even when-as in this instance-he clearly is. Big Bully unleashes his toadies...,,2017-03-16T22:20:50,,,842500933770797056,TashkaTik,2013-01-03T20:57:48,0,
5,F5F8FA,264,Dems looking to block Trump's wall with new legislation https://t.co/MKTzv1qQfX via @realDennisLynch,"#trump2016, #hillaryforprison, #michealflynn, #POTUS, #JeffSessions.  I am one of MANY fed up patriots. Bring it on liberals, Obama/Soros and lying media!",2017-03-16T22:20:50,,,842500933716070400,elizabeth_rhyne,2016-01-28T16:06:39,0,
6,FFF04D,913,T.I. caption is iconic https://t.co/WCqUYpr1Ak,‡´ê,2017-03-16T22:20:50,UK,,842500933632380928,JENNYBETI,2009-05-27T12:15:00,0,
7,642D8B,749,"@kaj33 Good Luck with Van Jones. He's a Both Sides pusher. He rarely speaks truth to power, instead he blames HRC 4 Trump's Win. @CNN",I don't discriminate....I hate everyone!',2017-03-16T22:20:50,#VirgoOutWest,,842500934097764352,ChristieBarbie8,2012-12-21T16:07:30,0,
8,9AE4E8,1441,"""McDonalds' insulting Trump tweet."" McDonalds' or McDonald's or McDonald's' or McDonald's's? #TheAge https://t.co/ixN6NNZ1n5",Based on traditional evidence.,2017-03-16T22:20:50,Melbourne,,842500933871263745,AfterGrogBlog,2009-05-02T06:34:22,0,
9,F5F8FA,1143,"@CTmagazine NO JOBS BILLS under Trump, only JOB CUTS. Only potential jobs is wall which will take 2 yrs only/border‚Ä¶ https://t.co/k4RzTTyAZ4","Love meeting new people; all races, ethnicities, religons, nationalities. I believe Human Rights very important to ALL, entrepreneurial spirit",2017-03-16T22:20:50,United States,,842500934118776833,USAncestors1636,2016-09-19T06:44:05,0,
10,89C9FA,343,"Hey, #Trump -- You're a ""dumbass.""  

More precisely, you're a dumbass. 

#wiretapping #SoCalledPresident","Word Up: Long Island LitFest, a day of author readings, book signings and workshops, March 26, 2017, featuring Dave Barry, Gail Sheehy and more!",2017-03-16T22:20:50,New York,,842500934416683008,LILitFest,2013-03-02T20:30:34,0,
11,F5F8FA,4305,Cartoon: Trump nose about wiretapping https://t.co/BAMpebDiAj https://t.co/AJ4qEgIVbZ,"I have it, all about news of the moment with a fresh scent , follow me and you will have a lot of information in minutes",2017-03-16T22:20:50,,,842500933913206784,Breaking_1News,2016-12-26T18:04:38,0,
12,C0DEED,140,@JoyAnnReid I almost couldn't believe my ears &amp;yelled at #MickMulvaney when he said that this aft. #Trump #Budget horrible beyond belief,#Indivisible #Resistance #NotMyPresident #acaworks,2017-03-16T22:20:50,"Tennessee, USA",,842500934810918916,Nesting4Awhile,2014-06-30T18:05:23,0,
13,F5F8FA,264,Dems looking to block Trump's wall with new legislation https://t.co/qg5PUHjBpV via @realDennisLynch,"#trump2016, #hillaryforprison, #michealflynn, #POTUS, #JeffSessions.  I am one of MANY fed up patriots. Bring it on liberals, Obama/Soros and lying media!",2017-03-16T22:20:50,,,842500935737905156,elizabeth_rhyne,2016-01-28T16:06:39,0,
14,0099B9,1739,"Trump budget timeline mixes deadlines, uncertainty
FILE - In this March 6, 2017 file photo, Housing a Urban Deve...https://t.co/n79KaQ6T6e","Real Estate Broker in Hollywood,
Fl./West Palm Beach,Fl. Specialize in  Residential Real Estate & Reo Foreclosures
                  954-261-3361",2017-03-16T22:20:50,Hollywood Florida,,842500934366302209,RealEstate911,2008-11-16T01:26:06,0,
15,000000,25,"@marcela_elisa: ""Outside the U.S, Trump's policies astonish people... they (Latin Americans) see him as another clo‚Ä¶ https://t.co/A3WOLlnqBK",trying to get paid to be nosy |  @EmersonCollege,2017-03-16T22:20:49,Hong Kong,,842500932755775489,NastassjaChan,2016-03-17T04:02:58,0,
16,F5F8FA,2,"@realDonaldTrump awesome, thank you trump and the Trump administration!",,2017-03-16T22:20:50,"Utah, USA",,842500936022933504,SKovalscik4,2016-11-16T17:13:27,0,
17,52555C,2617,Absolutely agree. https://t.co/tiXsY9mjo7,#AlwaysWithHer STILL @HillaryClinton for POTUS!! üòé,2017-03-16T22:20:50,"Mount Sinai, NY",,842500936526417921,JJFan18,2010-08-13T19:39:43,0,
18,F5F8FA,3,"Trump CAFE review: Automakers, be careful what you ask for https://t.co/kFCaiQ5pxk",,2017-03-16T22:20:50,,,842500936882896896,theproave,2016-06-19T22:34:13,0,
19,000000,485,"""Ideological purity test"" https://t.co/jY3aTxymvC",140 characters are not enough to convey my disdain for Trump and Republicans. #TheResistance #Resistance #AntiTrump #NotTheEnemy,2017-03-16T22:20:50,"Virginia, USA",,842500935758811137,euchreman1022,2009-03-28T15:44:56,0,
20,C6E2EE,241,President Trump's first budget would gut funding for the EPA and State Department https://t.co/DyONisW3VC,Official twitter account for MATRADE New York Office.Promoting Malaysia's trade interests in the US market.,2017-03-16T22:20:50,"New York, NY",,842500937042280449,matradenewyork,2015-12-29T21:36:42,0,
21,000000,4683,"@LennaLeprena @WhteRbbnAdvocat McDonalds abuses Trump via twitter then states
Trump you have small hands.....",family violence domestic violence any type of violence should not be part of our world. We speak up for victims,2017-03-16T22:20:51,,,842500937352597505,violencehurts,2015-05-20T03:51:11,0,
22,C0DEED,164,"In case you're on the fence, look at these programs and who they're designed to help. This isn't about saving money https://t.co/Nds0covLII",Church leader. Christian. NJ-native in NYC.,2017-03-16T22:20:51,New York,,842500938543890432,cdlc,2009-01-16T04:00:40,0,
23,709397,3160,Snoop Dogg: Donald #Trump ist ein Clown https://t.co/XBsarI7UC4,The Vanguard of Swedish Anarchy!,2017-03-16T22:20:51,Rostock,,842500938598420480,martinekdahl,2010-05-06T10:46:55,0,
24,C0DEED,977,What's next for President Trump's travel ban? https://t.co/Pyts886djX,ÿ£ÿ≠ŸÑŸÖ Ÿà ÿ£ŸÜÿß ÿµÿ∫Ÿäÿ± ÿ•ŸÜ Ÿäÿ™ÿ≠ÿ±ÿ± ÿßŸÑÿ£ŸÇÿµŸâ ŸÅŸä ÿπÿßŸÖ 2030!ŸÉŸÖÿß ÿ™ÿ≠ŸÇŸÇ ÿ™ŸàŸÇÿπÿßÿ™Ÿä ÿ®ÿ£ŸÜ ÿßŸÑÿπÿßŸÑŸÖ ÿ≥ÿ™ÿ¥ŸáÿØ ÿ£ÿ∑ÿ±ÿ®ÿßÿ™ Ÿà ÿ£ÿ≤ŸÖÿßÿ™ ÿ≥Ÿäÿßÿ≥Ÿäÿ© ÿ®ÿπÿØ 2000!ŸàŸÑÿßÿ¶Ÿä ŸÖÿ∑ŸÑŸÇ ÿ£ÿ®ŸÜÿßÿ° ÿ¥ŸäÿÆ ÿ≤ÿßŸäÿØ ÿßŸÑ ŸÜŸáŸäÿßŸÜ !,2017-03-16T22:20:51,,,842500939638587392,ploom8,2012-05-30T18:21:15,0,
25,C0DEED,16,"OH MY GOD!! FBI DIRECTOR ""WE WIRETAPPED DONALD TRUMP"" https://t.co/fQAAkz5EAn",,2017-03-16T22:20:51,,,842500939324035073,MohammedZahrath,2012-03-21T16:33:01,0,
26,9AE4E8,26050,Trump budget director dispassionately defends 'fairly compassionate' budget https://t.co/CW3IUTXxA4,Washington D.C. News ‚ñ™ 1299 Pennsylvania Ave NW ‚ñ™ Washington DC ‚ñ™ 20004 ‚ñ™ #dmv ‚ñ™ @washingtondc ‚ñ™ #dcnews ‚ñ™ #beltway ‚ñ™ #wsh ‚ñ™ #capitolhill ‚ñ™ #thedistrict ‚ñ™ #dc ‚ñ™,2017-03-16T22:20:51,"Washington, D.C.",,842500939785281537,washdcnews,2009-07-23T15:46:16,0,
27,C0DEED,118,Joe Pesci there. https://t.co/zlMa2mOraL,,2017-03-16T22:20:51,,,842500939751800832,RockyBon3s,2011-02-20T17:22:48,0,
28,C0DEED,288,"Videos explain IS &amp; all branches that are trying to implement Sharia
 https://t.co/c4yyDdRPT4","#ARMY Female #Veteran, Designer, #Christian, Mother, #Constitutional #Conservative, Love my Dogs! old acct @beseenbeheard",2017-03-16T22:20:51,America,,842500939839811584,beseenbeheard2,2014-05-26T03:58:41,0,
29,F5F8FA,2115,"White House Budget Chief: Trump 'absolutely going to keep' promises on Social Security, Medicare https://t.co/Q2ZkTRywWH",,2017-03-16T22:20:51,,,842500940498374656,nitepost,2017-01-16T10:15:06,0,
30,131516,2416,Donald Trump&amp;#146;s former wife Ivana Trump to make memoir about raising their‚Ä¶ https://t.co/U3Vkufdl7G https://t.co/RNWyIzwwxO,My Social Radio is a premier online radio station that mixes the very best music & social media experiences together with the ability to win prizes! Let's Play!,2017-03-16T22:20:51,England,,842500939777040384,mysocialradio,2010-04-13T21:27:20,0,
31,F5F8FA,114,Quoted Hannity. Fuck info from intelligence community https://t.co/C3TPazYbHm,Lives in New York and California SAVE AMERICA IMPEACH TRUMP,2017-03-16T22:20:51,,,842500941194575872,AyersloveAyers,2016-05-30T19:43:12,0,
32,1A1B1F,412,That's ok you idiot judges ice will just continue picking them illegals uplol and sending them back!GO TRUMP DONT Y‚Ä¶ https://t.co/AwkQhgollb,,2017-03-16T22:20:51,"South Carolina, USA",,842500941228204032,ExdemocratJason,2009-07-06T07:00:25,0,
33,000000,50,"@ananavarro Trump isn't advocating violence. Did you take NYT at their word when they reported ""wiretapping"" before‚Ä¶ https://t.co/3voQnAsDdf","http://gab.ai/ThePUDDINGHEAD Artist. writer. *Hate no race* Hate/expose evil, dangerous, ideologies & behavior regardless of societies acceptance.",2017-03-16T22:20:51,,,842500940469100545,gunzasmokin,2016-02-17T05:02:09,0,
34,ED6DB1,899,also lmaooo that @onedirection got kicked out from the trump hotel in nyc....bless,Activist. Feminist. 1D AF. That's my life really.,2017-03-16T22:20:52,canada,,842500942788509697,cathuniverse,2009-04-06T12:32:01,0,
35,C0DEED,1314,"#SeanHannity 
#SeanSpicer https://t.co/hvZSz32fiG",Ex Hand Model - Pseudo Zen Master - Crowd Estimator - Astrologist - Iron Chef - Balloon Animal Breeder - Ghost Whisperer - Jazzercise Trainer,2017-03-16T22:20:52,Independently Owned & Operated,,842500942989873152,Pete_Da_Pirate,2012-03-30T17:53:09,0,
36,F5F8FA,227,Police confirm Trump pal was involved in hit-and-run https://t.co/WkYe3RZWJv https://t.co/WNNBtQSyKl,,2017-03-16T22:20:52,,,842500942025052161,TDailyNews4,2016-11-08T12:59:35,0,
37,000000,12,big fan of Donald Trump #oldschool #Trump,"dj,charity man, poker lover, packers and liverpool fc lover.",2017-03-16T22:20:52,"Waterloo, WI",,842500944193634305,quimmoscott,2017-03-14T19:59:17,0,
38,0DA9F7,265184,President Trump Proposes Massive Aid Cuts https://t.co/T5v04SnRyt https://t.co/gZhtNS03qI,"The Official Twitter Account of Channels24 UK. Watch Channels Television Live on Sky Channel 575, UK. #Channels24.",2017-03-16T22:20:52,United Kingdom,,842500943979585536,Channels24_UK,2012-07-09T21:54:34,0,
39,352726,198,Just n√§r man trodde att det inte kunde bli v√§rre üëø M√•tte kongressen ta sitt ansvar och f√∂rkasta detta f√∂rslag! https://t.co/RBdyuU2rZO,Bibliotekarie. Krocketspelare. Trumslagare. Skriftst√§llare. Hypokondriker. f.d. poet,2017-03-16T22:20:52,Vimmerby/Kisa,,842500944952786944,tcericsson,2009-08-28T10:32:59,0,
40,000000,1658,@vickscan Still waiting for #birther pu**y grabbn #trump investigators? LIES NONSTOP ~https://t.co/78WqGxIgeT  #russia,Citizen Journalist,2017-03-16T22:20:53,"Mahindra World City, Rajasthan",,842500946307534849,polandmary21,2015-03-04T13:33:56,0,
41,9AE4E8,3958,2 Top Senators Dismiss Trump Wiretap Claim. https://t.co/B1QeGytZnU,Stories published by the NY Times via RSS. This flow is maintained by a server app written by @davewiner and has been running since 2007.,2017-03-16T22:20:53,"New York, NY",,842500946437595137,NYT,2007-03-16T00:02:02,0,
42,F5F8FA,169,WATCH LIVE: President Trump speaks at the White House St. Patrick‚Äôs Day reception for Irish Taoiseach Enda Kenny. https://t.co/epR4sL52PH,Conservative Nation,2017-03-16T22:20:53,United States,,842500946995396609,PotusTrumpJ,2016-09-14T11:11:13,0,
43,C0DEED,44,When will #trump be made accountable for his despicable unproven accusations? He is making America look weak and stupid with his behaviour!,,2017-03-16T22:20:53,,,842500947335102464,Hopefultmw,2010-09-26T22:35:13,0,
44,FFF04D,739,McDonald's fue v√≠ctima de un hackeo anti-Trump en Twitter https://t.co/K0hkZXyuzQ,El Pa√≠s y el mundo al d√≠a nos mantenemos informando las 24 horas del d√≠a con informaci√≥n objetiva......,2017-03-16T22:20:53,Santo Domingo,,842500947049775104,notidelcibao,2015-08-18T22:47:45,0,
45,131516,226,#tweet less https://t.co/CScDzYjrXy,"The Rolling Stones, iPhoneography 7Plus Jet Black. Dolphan since 1970 longing for the Marino-Marks Brothers years! Heat since 94. DWade since 2003",2017-03-16T22:20:53,Both ends of the East Coast  ,,842500946991206400,fan_of_dan13,2011-10-13T01:22:14,0,
46,EDECE9,509,#Greta Maybe Trump needs to keep his campaign promise and go shoot a few of them. What you think? https://t.co/QR7xfc9wo9,Working hard and gettin no where.,2017-03-16T22:20:53,North Carolina,,842500946819268608,wc1954,2009-12-13T14:44:35,0,
47,C0DEED,16030,Guess How Many Refugees Hawaii Accepts Annually From The Countries Trump Banned - MILO NEWS https://t.co/RqnvjBuHmd,"‚ù§Ô∏è Trump, Police & Military. ‚ù§Ô∏èhorses and White Beaches with Blue Waters. ORPUW, TCOT",2017-03-16T22:20:53,HayesvilleNC,,842500949507784704,eeynouf,2015-08-29T16:27:38,0,
48,1A1B1F,2872,Get her the fuck out of #NYC. We don't want any of them here. https://t.co/bW3wokynE7,"#Art maker, lover, collector. #Culture hound & nature-nerd. Pom-pom waver 4 creatives of all stripes. #NYC & #Canada insta sky.pape photo by @robbiequinnnyc",2017-03-16T22:20:53,"Inwood, New York City",,842500949134401537,skypape,2008-04-21T15:05:45,0,
49,C0DEED,9865,"@MrsK1625 when in """" it means a QUOTE. Was Trump quoting someone or does he not know the difference btw ""_"" and '_'  ?!?! üòÇüòÇüòÇ @AAPsyc",Trump is 2 things: a con-man and a sociopath. You will not convince me otherwise. #TheResistance #resist The Orange Fuhrer,2017-03-16T22:20:53,Masshole,,842500949734232064,Magdalena0113,2013-04-26T00:15:18,0,
50,464646,1025,Nazi-Allied Hungarian Group Claims President Trump's Counter-Terrorism Aide Gorka As Sworn Member: @jdforward. https://t.co/vtqL7t8IUr,"I'm a freelance journalist, with extensive experience covering government, politics, transportation and other topics.",2017-03-16T22:20:54,"Milwaukee, WI, USA",,842500950275358720,larrysandler,2008-11-13T00:43:03,0,
51,C0DEED,24,"Ralph Shortey, just another typical Christian Conservative Republican Cocksucker Pedophile like Donald Trump https://t.co/DyNmPtkuXM","Secular Humanist, Moral Relativist, Culture Warrior",2017-03-16T22:20:54,"Wylie, TX",,842500950841577472,TheAntiCruz,2015-05-07T14:47:58,0,
52,000000,283,Community Development Block Grants have funded projects vital to seniors &amp; rural Americans for decades - Trump would nix the program.,News and updates from the staff of the United States Senate Special Committee on Aging Ranking Member Bob Casey (D-PA),2017-03-16T22:20:54,"Washington, DC",,842500952187920384,DemsOnAging,2017-01-26T20:15:07,0,
53,F5F8FA,1020,"#LOCKHIMUP !
He paid for #riots 
Is paying for #riots 
He funded #Hillary https://t.co/GsigyNMwYr","Study B.ed.
üíö Nature.
üíñGyming/Fitness
üíú All Sport
Love Rugby, LOVE the Sharks!
Hate Injustice!
Compose my own songs.
Love life!
#Trump
Jesus is my King!",2017-03-16T22:20:54,Somewhere  over the rainbow,,842500951936327680,LeighChani,2016-01-04T21:58:09,0,
54,C0DEED,1567,Police confirm Trump pal was involved in hit-and-run https://t.co/ShSjWopP4D https://t.co/KZX4WAgsmR,"American, Independent, College Grad., Outdoor Enthusiast,  Trump Supporter, US Army Vet, #BLUELIFEMATTER, everything else is classified. America First!",2017-03-16T22:20:54,"Don Lemon is a BITCH, USA",,842500951189602304,Figue_j,2012-02-23T18:55:48,0,
55,C0DEED,418,McDonald's corporate account tweets Trump is 'disgusting excuse of a President' https://t.co/jdD641nl8z,"I'm just ordinary citizen who work for oil and gas industry, love my wife and my son, Chelsea and Barca fanatic fans",2017-03-16T22:20:54,Jakarta,,842500952598962176,swyudha,2010-04-20T23:48:35,0,
56,000000,16002,"I thru an event for ur daughter once, worked for the company when they gave you trump magazine, at your new hotel w‚Ä¶ https://t.co/yGXb945SU2","Empath Activist, Pop Culture &Politics investigator, Arthouse Curator, color commentator & master of wordsmithness. @idolsandegosdet @chicagoblognet #binders",2017-03-16T22:20:54,DETROIT | CHICAGO,,842500952229892096,kellyryanobrien,2009-02-22T18:50:04,0,
57,C0DEED,85418,Por qu√© est√°n disparadas las ventas de la marca de Ivanka Trump https://t.co/mNWD194G7X,Noticias de Venezuela. Sin censura.,2017-03-16T22:20:54,Venezuela,,842500952598880256,Reporte24VE,2014-06-26T02:18:04,0,
58,C0DEED,4589,https://t.co/IG8RGXHTJN,Common sense is the first casualty of ignorance.,2017-03-16T22:20:54,"Richmond, VA",,842500953047732225,skeller85,2008-11-27T22:55:27,0,
59,8B542B,236,he wants a really dumb America. like how he gonna want to get rid of so many Humanities programs https://t.co/Q5GiNowpJk,Tea drinker by day. Cheap wine drinker by night. I'm just a wannabe. IG:monadeporce1ana,2017-03-16T22:20:54,"Oregon, USA",,842500953601458177,MonaDePorcelana,2009-04-05T21:09:26,0,
60,F5F8FA,2065,"They're all rotten to their core,Heartless &amp; Soulless üòàüíÄüò† https://t.co/wFqjOz0YWZ",,2017-03-16T22:20:55,,,842500954247380992,DeniseMMurray,2016-03-28T15:32:24,0,
61,000000,627,@danisnotonfire trump memes have truly ruined everything,moo with me,2017-03-16T22:20:55,+iedgbmk,,842500954402447360,treasurehowell,2016-11-03T16:14:26,0,
62,C0DEED,14,"J'aime une vid√©o @YouTube¬†: ""DONALD TRUMP N'APPARAIT PAS ICI"" √† l'adresse https://t.co/ref4par5vj.",,2017-03-16T22:20:55,,,842500954876497925,SlashRazer,2015-09-19T20:43:25,0,
63,C0DEED,57241,Los l√≠deres republicanos afirman que no hay pruebas de las supuestas escuchas en la Torre Trump https://t.co/BAkk5FKoEK v√≠a @el_pais,"Periodista que ha pasado por diarios, semanarios, radios y televisiones escritor de libros pol√≠ticos, mel√≥mano y esc√©ptico",2017-03-16T22:20:55,,,842500954826162176,oneto_p,2011-07-04T18:22:27,0,
64,F5F8FA,702,Books Can Take You Places Donald Trump Doesn't Want You to Go - New York Times https://t.co/903vydamhT https://t.co/Hj8SnsFE4f,"News, posts, pics and videos about Donald Trump",2017-03-16T22:20:55,"Washington, DC",,842500954717114370,trumpourpreside,2017-02-13T02:13:12,0,
65,F5ABB5,238,#Trump is Bipolar is what's going on more money for him while in office! https://t.co/PprwwCJqDh,"NoH8 Homosapien Ovarian Cancer Survivor LGBTQ Live,Love,Laugh,Lesbian Mama I have a Gender-neutral child, straight son who stands by us all!",2017-03-16T22:20:55,"Purple,Rain",,842500955350360064,NiNiKittyMaMa,2013-06-17T12:24:28,0,
66,C0DEED,1065,After Trump initially blasted a federal judge in Seattle on Twitter for blocking the original‚Ä¶ https://t.co/z677yuM5B4,"Life is the comedy for those who thinks, and the tragedy for those who feels. Martie Larni",2017-03-16T22:20:55,Belgium Stuttgart,,842500955853803522,cacapock,2014-08-08T04:44:30,0,
67,F5F8FA,78,@realDonaldTrump Don't lose your path keep that Trump üöÇrolling down the tracks. Give America back too We The People. Not Washingtonüá∫üá∏,Loves this countryüá∫üá∏,2017-03-16T22:20:55, PA,,842500955874770945,caputo12_caputo,2016-07-10T18:21:29,0,
68,FFFFFF,3053,"Q: Trump budget allegedly cuts funding to ""Meals on Wheels"". Seems there are many independent ""Meals on Wheels"" charities. Which affected?","Ask not what your country can do for you.  Ask, 'What the heck have you done with all the money we already sent you?!?!'",2017-03-16T22:20:55,"Soquel, California, USA",,842500955929104385,SoquelCreek,2009-08-04T18:33:04,0,
69,C0DEED,138,"BONNIE [to phone] Never mind, Cathy. CUT TO: INT. HALLWAY - DAY Bartlet and Leo walk. LEO Big Sky Federal Reserve. https://t.co/ycyzlq01W4","Via algorithmic magic, the characters of the West Wing comment on today‚Äôs current events. A bot by @atduskgreg",2017-03-16T22:20:55,The West Wing of the White Hou,,842500956331921408,jedsthirdterm,2014-09-21T03:12:18,0,
70,B2DFDA,6,"Ah√≠, ah√≠, ya total... https://t.co/2ItbfZkAKP",,2017-03-16T22:20:55,"Madrid, Comunidad de Madrid",,842500956151582720,amereloon,2010-09-23T05:35:14,0,
71,C0DEED,1001,Trump is gamergate and every chick u whiteknight that blows u off is also gamergate https://t.co/rF2m5IAIwR,Journalist. Seen in @jacobinmag and @Vice. Recovering Alcoholic Willem Dafoe. extremely old man guy of online,2017-03-16T22:20:55,Carcosa's Moat,,842500957237891072,YungHuey,2015-07-24T20:08:58,0,
72,004477,558247,Read this while reminding yourself that in just 2 months Trump has spent millions of taxpayer $$ on himself. https://t.co/EWRone5KRV,SCIENCE! I love this stuff. My blog RSS feed: http://www.blastr.com/tags/bad-astronomy/feed,2017-03-16T22:20:55,Boulder,,842500957766324225,BadAstronomer,2007-04-14T17:18:58,0,
73,F5F8FA,19,"@hipoyoyo @kayleighmcenany The intent on the part of President Trump was for it to be permanent, but he's gotten blocked on both of them.","Student @CABraves, Musician @CABravesMusic, Actor, Catholic and aspiring history teacher.",2017-03-16T22:20:55,"Canandaigua, NY",,842500958110257152,MattUttaro2018,2017-02-27T12:55:23,0,
74,352726,518,@AnneRiceAuthor @KymKarath @EmmalouiseNF It's because Trump hasn't a clue what he's doing.,"Work at Callander Library. Final Fantasy Lover. Freelance writer, PSN MVP. #PlayStationMVP",2017-03-16T22:20:56,,,842500959582539776,ixarixx,2009-04-16T23:34:25,0,
75,C0DEED,46,This guy looks like a VIP at a strip club https://t.co/LTGY64zYkP,,2017-03-16T22:20:56,"Nashville, TN",,842500959607701505,UmpleBen,2013-01-28T22:01:50,0,
76,8F8F8C,3641,@RealAlexJones  'Trump Effect' intro video is freakin hilarious. Please put it on your Youtube channel so we can share it.,Small Businessman #MAGA #DrainTheSwamp  Get the globalists before they get you. Victory or Death,2017-03-16T22:20:56,Texas,,842500959901224960,JRMcClaren,2014-07-09T20:21:44,0,
77,F5F8FA,43,"Trump budget would gut science, environment programs https://t.co/vWyd1vJntz",,2017-03-16T22:20:56,,,842500960115077121,RajeshIndolia,2016-11-15T12:50:59,0,
78,F5F8FA,17,Police confirm Trump pal was involved in hit-and-run https://t.co/6UOAmLyNuq  --- #ElectionNight https://t.co/chkiUMfrD2,,2017-03-16T22:20:56,,,842500959825670144,NewsPoliticONE,2016-11-08T19:00:52,0,
79,C0DEED,253,"@DTrumpReviews Ivanka working hard towards Betterment of all Working Women God Bless Ivanka, President Trump &amp; family for Helping Americanüá∫üá∏","Education & Background in Business Management, Accounting, PR & Marketing - Executive Officer Insurance Solutions Inc.- Former Niagara Falls NY Councilmember.",2017-03-16T22:20:56,"Niagara Falls, NY",,842500961545474052,Candra24,2009-03-13T02:13:16,0,
80,F5F8FA,1,McDonald's tweets go rogue with 'tiny hands' jibe at Donald Trump https://t.co/qbW6rYQJZk,,2017-03-16T22:20:56,,,842500961499320323,TayebatiParvin,2016-11-11T16:47:45,0,
81,C0DEED,64,"Surprising #Trump wants to cut minuscule #NEA funding. He seems like a guy that would love the arts. J/k, he's a dick. #DonaldTrump",Confused by twitter in general,2017-03-16T22:20:56,,,842500962078089218,mingli101,2010-02-12T13:25:50,0,
82,1A1B1F,301,The War on Yemen and Trump‚Äôs Iran Obsession | The American Conservative https://t.co/HfT6SHmKUV via @amconmag,Avatar is reporter Maya Naser from Damascus killed by sniper in 2012.     Focusing on Syria. RTs/links/follows are not endorsements.,2017-03-16T22:20:56,USA,,842500962040369154,johnnallan,2009-06-22T06:57:41,0,
83,F5F8FA,6,Flat Earth Bible News: UN is Sneaking in Diseased Syrian Refugees at Night and Trump Knows - Vid by Josh Tolley https://t.co/LgnCAIrLki,"http://FlatEarthBible.com deals with flat earth, Christian topics,  End Times news and more.",2017-03-16T22:20:56,"Kansas, USA",,842500961709047810,FlatEarthBible,2016-05-25T23:45:00,0,
84,F5F8FA,28,@CNN he should serve the same four years in prison as we are serving with trump assü§° as #SCROTUS,,2017-03-16T22:20:57,,,842500962455621632,LoriKaychele,2017-01-21T21:12:21,0,
85,C0DEED,128,https://t.co/sS2iXtplxW,All empty souls tend toward extreme opinions.  WB Yeats,2017-03-16T22:20:57,,,842500962623414273,CountessEire,2014-06-14T05:56:17,0,
86,C0DEED,1410,"Entire homelessness agency could be eliminated by Trump's budget cuts

https://t.co/vOmpVZ4rM4",A lone voice - born with a social conscience,2017-03-16T22:20:56,london,,842500962338177024,qeensdale,2011-01-24T08:31:24,0,
87,F5F8FA,27,Trump budget casualty: Afterschool programs for 1.6 million kids. Most are... https://t.co/2k0qlsZMTG by #washingtonpost via @c0nvey,,2017-03-16T22:20:56,,,842500960744325120,EricsonEstevan,2016-03-11T17:45:55,0,
88,F5F8FA,43,Intel senators: No indication Trump Tower was surveilled https://t.co/zresSAye3l,,2017-03-16T22:20:57,,,842500963239841793,RajeshIndolia,2016-11-15T12:50:59,0,
89,000000,44,"@thehill The NYPD needs to ""eradicate"" its protection of trump tower.",,2017-03-16T22:20:57,"Colorado, USA",,842500963403362304,GeorgeVerrando,2016-08-07T20:21:36,0,
90,F5F8FA,7,@JohnFasoNy Again you voted with the majority. You voted against Trump releasing his tax records. Why? Shameful!,,2017-03-16T22:20:57,,,842500964041023489,rrozman1,2017-01-25T15:29:03,0,
91,DB0B57,1117,yeah your dumb üòÇüòÇüòÇ af never knew someone so stupid other than Trump https://t.co/uKfxAln1Mb,future screen writer | BFF : @KIEepitReal ‚úåüèºüé± ü§òüèΩüíïHüåªAüåªPüåªPüåªY,2017-03-16T22:20:57,cruel world ‚ùå,,842500964779282433,eightheart_,2011-06-12T02:34:37,0,
92,F5F8FA,734,"@funder Exactly. Since Trump can be easily distracted by a shiny object, he assumes we will be taken off-course by his tweets. #NotSoMuch","Writer, Storyteller, Raconteur, Friend of Animals. #UniteBlue #Resistance #WeAreStrongerTogether üë©üèº‚Äçüé§üëÆüèæ‚Äç‚ôÄÔ∏èüë©üèΩ‚Äç‚öïÔ∏èüè≥Ô∏è‚Äçüåà#WeWelcomeEveryone  #NastyWoman",2017-03-16T22:20:57,"Miami, FL",,842500965072814081,literarilyme,2013-07-15T20:21:25,0,
93,C0DEED,23,"Trump Seeks $30B More in Fiscal 2017 to Rebuild Military, Fight ISIS https://t.co/OcQ7cMZ715",,2017-03-16T22:20:57,,,842500965416796160,ScholfieldRuben,2014-10-07T18:29:58,0,
94,C0DEED,202,Most trump supporters are 2 paychecks away from needing the programs that his budget would do away with.  #carefulwhoyouvotefor,"Austin, Texas. Coffee. Beer. Mom's arroz con pollo. Running. Seminoles. History. Sports. Weather. Minority Rights. Sometimes Snarky.",2017-03-16T22:20:57,"Austin, TX",,842500965710381056,fsujuan93,2010-08-12T19:59:07,0,
95,C0DEED,45,"@jdgreenfield @IvankaTrump You lot are getting boring now, Trump won he is POTUS for the next 8 years accept it.",,2017-03-16T22:20:57,,,842500965295144960,pauljonessmith,2009-04-15T23:26:18,0,
96,131516,345,Give snoop exactly what he wants https://t.co/mW6deoe5Sd,22 // ODU // üá∞üá∑üáµüá≠ // insta: asvp.tyger // Basshead,2017-03-16T22:20:57,VA,,842500965848793088,tysabado,2009-10-03T11:33:53,0,
97,F5F8FA,11,Books Can Take You Places Donald Trump Doesn't Want You to Go - New York Times https://t.co/0SfQfKoDBS https://t.co/VV9EvVNsTW,Make America great again!,2017-03-16T22:20:57,"Washington, DC",,842500965433450497,trumrealpotus,2017-03-07T19:27:15,0,
98,C0DEED,6453,Trust me...all sane Americans are totally without trust in anything Trump says. Maybe the dummies still believe him‚Ä¶ https://t.co/mnSqp40JSA,Loyal Democrat who believes  in truth. justice and equality for all. #UniteBlue I'm still with HER. Resistance.,2017-03-16T22:20:57,America,,842500966037372928,WonderWoman934,2008-11-30T15:40:10,0,
99,022330,3425,"WOW ‚Äì Ted Cruz Defends Trump, SCORCHES Justice Ginsburg With THIS 1-Sentence Slam https://t.co/HTdLfD7DVx","To survive in peace and harmony, united and strong, we must have one people, one nation, one flag. With Trump /Pence We're Headed In The Right Direction üòä",2017-03-16T22:20:57,,,842500965454483456,CatalenaNikole,2011-04-08T01:06:44,0,
100,000000,275,"Sean Spicer‚Äôs angry, lonely defense of Trump‚Äôs wiretapping claim, annotated https://t.co/FUxwxSVvMM https://t.co/0bSrwM22eu",The latest news of interest about #Trump in one place!,2017-03-16T22:20:58,Global,,842500967199363072,Trump_Newz,2017-03-07T20:51:54,0,
101,C0DEED,143,@FT Only one explanation for all these rumors:  President Trump is Paranoid. A Psychiatrist can determine if he is a Paranoid Schizophrenic.,"Favorites include Sports, Comedy, Politics, Economics, Philosophy, Science, Mathematics, not in any order, however Sports as a rule being Numero Uno to me.",2017-03-16T22:20:58,"Honolulu, Hawaii",,842500967845134336,SuperBowlLII,2010-05-25T11:47:29,0,
102,9AE4E8,19420,"I‚Äôve already gotten a few pitches being like ‚ÄúBand X is so angry! Trump maybe?‚Äù and like, nah. Metal‚Äôs been angry for literal decades.","Black metal, black tea, black flags / Metal editor at @NoiseyMusic / @WGAEast union thug / Send pitches/demos to kim.kelly@vice.com. ‚í∂ Antifascist. Views mine.",2017-03-16T22:20:58,"NYC, mostly",,842500967983697922,GrimKim,2008-08-11T21:47:25,0,
103,C0DEED,418,"These trump surrogates are insane, whatever he says is true no matter how stupid! we need 2 look after ourselves 4‚Ä¶ https://t.co/sZXPiAzVyZ","national hunt racing punter...all views my own, love my country, left leaning in my politics @dignityindying@labourleave",2017-03-16T22:20:58,liverpool,,842500968042381312,mato66,2010-10-16T18:53:40,0,
104,022330,1964,Los l√≠deres republicanos afirman que no hay pruebas de las supuestas escuchas en la Torre Trump https://t.co/s2FCLdpGZ0 v√≠a @el_pais,"Journalist/Periodista. DW Com producci√≥n eventos culturales, acting traveler /Columnista El D√≠a-Acento. Bienvenidos a mi tribuna. Welcome to my tribune.",2017-03-16T22:20:58,Rep.Dominicana - Barcelona,,842500968428331009,DuniaDW2,2009-03-25T14:36:26,0,
105,F5F8FA,4,@CoryBooker must be Trump,,2017-03-16T22:20:58,,,842500968474382336,annie092751,2017-03-08T09:32:02,0,
106,C0DEED,60,100 HARI TRUMP: PM Irlandia Temui Trump di Gedung Putih https://t.co/JsYLbo0ZLY https://t.co/Z44OQZjMvm,Hanya orang biasa,2017-03-16T22:20:58,"Depok, Yogyakarta",,842500967794847744,giovani_arista,2015-04-30T07:19:54,0,
107,131516,165,"Thank you, @realDonaldTrump üëèüò† https://t.co/h0RMvoEAGa","Caraque√±a. Inmigrante. Economista. UCVista.
Si eres sensible NO me sigas.
Bienvenido / Welcome :-)
#Resist",2017-03-16T22:20:58,Anywhere...,,842500968541552640,ariadnAK47,2014-03-19T16:46:42,0,
108,022330,3425,"WOW ‚Äì Ted Cruz Defends Trump, SCORCHES Justice Ginsburg With THIS 1-Sentence Slam https://t.co/mskfrQeCnh","To survive in peace and harmony, united and strong, we must have one people, one nation, one flag. With Trump /Pence We're Headed In The Right Direction üòä",2017-03-16T22:20:58,,,842500968948400128,CatalenaNikole,2011-04-08T01:06:44,0,
109,9AE4E8,1289,The first step is admitting there is a problem. https://t.co/9NQ8OxQcnV,Recovering journalist. Dad of the greatest. Married to the best. Sarcasm is my second language.,2017-03-16T22:20:58,"√úT: 29.588415,-98.471197",,842500968700936193,woodseanm,2008-06-27T15:09:24,0,
110,C0DEED,25,Opinion | Why is the Trump presidency such a rolling disaster? https://t.co/Xv2nX7NUAt,,2017-03-16T22:20:58,,,842500969200041985,nanhowze,2015-08-20T03:12:02,0,
111,000000,22,Fake News.  Gorka is good for America. https://t.co/OUj9Z4d311,Time Traveler and guru,2017-03-16T22:20:58,,,842500969258737665,cclemens49,2015-10-14T01:19:17,0,
112,000000,1201,@AndreeBaril Trump est tr√®s mal entour√©. Flynn qui a trahi la Constitution n'est qu'un exemple. Rien de comparable avec notre Gouvernement.,"Bachelier √©ducation(B.Ed). Ant√©rieurement enseignante;retrait√©e du Parlement du Canada;f√©d√©raliste.
Int√©r√™ts: politique,loi,actualit√©,histoire,arts,sciences et+",2017-03-16T22:20:58,"Province de Qu√©bec, Canada",,842500969518829568,lisefalardeau,2015-05-26T16:49:28,0,
113,94D487,19,You expect to find Obama letter calling Comey to wire tap Trump Tower and Comey response Done sir..found Russia https://t.co/1OtiRwAySD,"Christian believer, Conservative and Truth Lover",2017-03-16T22:20:58,,,842500970185658369,truthalways1st,2014-09-25T22:01:37,0,
114,C0DEED,183103,Calls to split the Ninth Circuit are a political response to decisions President Trump doesn‚Äôt like. We will defeat proposals to do that.,United States Senator from California. On Facebook at: http://facebook.com/senatorfeinstein,2017-03-16T22:20:58,California,,842500968289894404,SenFeinstein,2012-01-27T23:06:59,0,
115,BADFCD,5980,Watch: Stephen Colbert Mocks Rachel Maddow For Lengthy Trump Tax Tease - Breitbart https://t.co/Ap5LXUhKaS,Trump will save the U S from  Liberals & Make America Great Again. I support Trump! We don't have to suffer 4 more years of Obama/Hillary. God Bless Americaüá∫üá∏,2017-03-16T22:20:58,,,842500970755964928,WendyPrince2,2010-11-30T19:33:12,0,
116,C0DEED,67,Tell Congress to reject attacks on science &amp; our health and safety in Pres. Trump's proposed budget: https://t.co/AL7HGHNtHf #RiggedBudget,,2017-03-16T22:20:59,,,842500970919608320,gmpcvxg,2009-04-17T03:00:57,0,
117,7181AB,124,"Winners and losers in Trump's budget https://t.co/a36HVUAgVC
#trump #moron","Writer, Entrepreneur & Right Winger for the Vancouver Canucks",2017-03-16T22:20:59,City of Angels & Vancity ,,842500971036991488,Seanykakes,2010-12-03T22:46:32,0,
118,F5F8FA,2413,Police confirm Trump pal was involved in hit-and-run https://t.co/K6Mcov5IGj https://t.co/wp06omZl4f,"I like to enjoy with my friends.. who don¬¥t?.. have fun!! #MAGA #NEWS POLITICS, TRUMP,!! Business, politics,, and more on and on...!!",2017-03-16T22:20:58,"Virginia Oeste, USA",,842500970177163264,Michaelsswartz,2017-02-27T16:08:14,0,
119,335577,229,"#Mashable #News In Trump's America, climate change research is surely 'a waste of your‚Ä¶ https://t.co/VXyeAoM4fL","Web Developer/Syst Admin Born Jacona, Mich, Mexico,http://tinyurl.com/be6vhka SITE: http://tinyurl.com/pap5pqd",2017-03-16T22:20:59,CONSULTAS/SOPORTE--Sitio Web:,,842500971343364096,alayanimajneb,2009-03-22T15:55:33,0,
120,BADFCD,807,"I'm saying ""good, fuck him"" but what I meant was ""pobrecito"". https://t.co/UGIiKy1Y6h","""First come smiles, then lies. Last is gunfire."" Serving the Beam since 1999.",2017-03-16T22:20:59,Mid-World via NYC,,842500971330752512,afrodiziac80,2009-07-29T19:14:59,0,
121,C0DEED,494,DEMS BTFO: TRUMP FIXING RYAN'S MISTAKES ALREADY https://t.co/HLuvA013qk via @reddit,Retweets are not an endorsement or an agreement with the information in the tweets. Just find them spontaneously interesting at the time I read.,2017-03-16T22:20:59,,,842500971578122240,Lordor01Laurie,2013-07-20T04:06:49,0,
122,C0DEED,1476,Evan McMullin is a CIA operative spreading anti-Trump rumors. https://t.co/6CplAGfC1H,,2017-03-16T22:20:59,,,842500971351617537,leejac424,2015-03-12T19:00:29,0,
123,E3E6E8,1737,This presidency...üôÑ https://t.co/BlwtFyZ854,Flying blind on a rocketcycle. Live hard. Love long.,2017-03-16T22:20:59,Left Coast,,842500972060405761,Sernett,2009-01-13T01:01:23,0,
124,C0DEED,7597,"HAHAHAHAH ""no"" me af https://t.co/izSVUQTI8f",unity and love. always equal. H,2017-03-16T22:20:59,home home home,,842500971955539968,silenthouis,2013-10-05T22:52:09,0,
125,000000,1299,#MAGA https://t.co/bX3C689mwO,"Life, the best thing that happened to me ;)   #Trump2016",2017-03-16T22:20:59,"Dana Point, CA",,842500972437880832,Mona_Lina1,2015-01-02T00:59:12,0,
126,000000,120,@seanspicer little Trump.  Lie lie lie.  Aren't you ashamed?,"Proud Vet: Air Force (MacDill AFB) and Navy (CVN-76) Gulf War & 911.

The so called prez is a joke!  Oh yea...We also landed on the moon.",2017-03-16T22:20:59,The 603,,842500973146902528,shafdog87,2015-01-16T06:06:52,0,
127,C0DEED,143,@RogueSNRadvisor Trump is such a child.,Retired flight attendant. Personal trainer and group fitness instructor. Adore all animals. Despise people who hurt them. Despise Trump with a passion.,2017-03-16T22:20:59,,,842500973000101888,ProbertSue,2014-04-23T00:44:56,0,
128,000000,900,Trump wants to slash $4.7 billion from the Agriculture Department ‚Äî and rural America could suffer the most ‚Ä¶ https://t.co/vsisSWT77I,breaking news and their insights on what matters most in business and finance.,2017-03-16T22:20:59,United States,,842500973289463808,BusinessNews40,2015-08-12T13:14:51,0,
129,F5F8FA,78,Agreed will not ever eat at Mcdonalds Hack or no Hack https://t.co/7Bf7bceTfX,born after Commudus and during the reign of Trump first getraveler in the year 2035 account deleted 3 times by twiter for supporting #trump. Follow i follow bac,2017-03-16T22:20:59,"Trumpville, USA",,842500973897568256,QTimetraveler,2016-06-15T21:48:58,0,
130,000000,2537,#RT‚ñ∂Ô∏èüá∫üá∏ Sean Spicer Destroys CNN‚Äôs Jim Acosta on Wiretapping ‚ÄòYou Have Zero Intelligence‚Äô (VIDEO)‚Ä¶ https://t.co/aQ8WR6GGVw,#Trump #UnitedStates #RealTrump #News #World,2017-03-16T22:20:59,Estados Unidos,,842500972475633664,worldnews441,2016-12-29T19:03:10,0,
131,F7FAFA,4225,"MAC ATTACK:

McDonald's tweets go rogue with 'tiny hands' jibe at Donald Trump

https://t.co/3Ujq4jCZfz","Former vice principal, owner of mobile disco, author, married, granddad who runs 5 NetSites (incl DOWNFALL OF MAL TURNBALL), live in Oz, love life & I'm a JP.",2017-03-16T22:20:59,‚úî OFFICIAL Twitter‚Ñ¢ Account,,842500974212075520,SirThomasWynne,2010-08-13T06:17:02,0,
132,C0DEED,20,"Coincidence? Obama Makes Surprise Visit to Hawaii 48 Hours Before Judge Blocks Trump Travel Ban ‚Äì  -
Convenient coincidence...more like!",,2017-03-16T22:21:00,,,842500975457841152,LenoraLee13,2013-06-03T00:30:38,0,
133,709397,800,#resist #RESISTANCE https://t.co/XTPdBt71Zr,Metropolitan naturalist in search of lost jungle and its inhabitants,2017-03-16T22:21:00,"Columbia, Maryland",,842500976254894082,UrbnWildLifeMan,2012-01-22T15:26:01,0,
134,C0DEED,349,Y R TRUMP SUPPORTERS JUST NOW REALIZING THAT THEY MADE A MISTAKE. HE TOLD YALL STUPID ASSES WHAT HE WAS GONNA DO BEFORE YALL VOTED FOR HIM.,i am god. insta: gaywitchhunt,2017-03-16T22:21:00,"Texas, USA",,842500977592877057,drysharpie,2014-02-12T16:35:19,0,
135,C0DEED,1092,#Tell Congress to reject attacks on science &amp; our health and safety in Pres. Trump's proposed budget: https://t.co/GWaZbsF90I #RiggedBudget,,2017-03-16T22:21:00,,,842500978033221633,DianePease,2011-05-26T16:03:47,0,
136,C0DEED,9993,#Mundo Trump celebr√≥ con el primer ministro irland√©s el D√≠a de San Patricio https://t.co/GPCk481arf https://t.co/hUU13Cmw6Q,"Emisora perteneciente al Circuito Uni√≥n Radio, Class 98.7FM desde 1993 es la emisora lider en noticias en el centro-occidente de Venezuela",2017-03-16T22:21:00,"San Carlos, Cojedes.",,842500977370447872,Class987FM,2010-03-16T17:52:42,0,
137,335577,229,#Mashable #News Hit Trump where it hurts (his Twitter account): Even if you don't follow‚Ä¶ https://t.co/CcqN4YoCa6,"Web Developer/Syst Admin Born Jacona, Mich, Mexico,http://tinyurl.com/be6vhka SITE: http://tinyurl.com/pap5pqd",2017-03-16T22:21:00,CONSULTAS/SOPORTE--Sitio Web:,,842500978633072640,alayanimajneb,2009-03-22T15:55:33,0,
138,000000,24,Sean Spicer Destroys CNN‚Äôs Jim Acosta on Wiretapping ‚ÄòYou Have Zero Intelligence‚Äô (VIDEO) https://t.co/3vDYp0Eyv8‚Ä¶ https://t.co/8G9uY2WTkv,News at all times.,2017-03-16T22:21:00,"Washington, DC",,842500978230280192,WorldNewsTrump,2017-02-07T21:16:51,0,
139,000000,0,"@HouseGOP @HouseDemocrats 

It is time to prosecute @POTUS for lying.

DO YOUR JOB

https://t.co/ncCu2lRCcf",,2017-03-16T22:21:00,,,842500978444324865,AnnaMartin3131,2017-02-19T18:44:34,0,
140,000000,310,"Trump is a compulsive liar, and the sad thing is, he gets away with it. Even when there is a video, he denies it. #presidentiallevelfuckboy","Writing, Music, Creating, Inspiring, Exploring",2017-03-16T22:21:00,,,842500979023101953,MercilessComplx,2014-01-13T04:12:06,0,
141,FFFFFF,6857,Suspendarea decretului anti-imigra»õie: Administra»õia Trump va face apel https://t.co/AtPKUYC21e https://t.co/cZ82rzeXwB,Official Twitter Account @stiriRomania,2017-03-16T22:21:00,Bucharest,,842500978741989376,stiriRomania,2010-02-05T02:43:13,0,
142,022330,6256,The Official McDonald's Twitter Account Goes Rogue With A Savage Tweet RIPPING Donald Trump https://t.co/PCAeVY9gDZ https://t.co/xVDJR2m1DX,"Senior Editor - http://BroBible.com, Co-Founder - http://Guyism.com. Email me at dougs@brobible.com.",2017-03-16T22:21:01,United States,,842500979857805313,DouglasStuff,2009-02-05T19:27:04,0,
143,022330,50,Remember when @pattonoswalt wanted terrorists to target Trump properties all over the world? I 'member.,,2017-03-16T22:21:01,,,842500979367038976,DanyMoongazer,2009-04-14T08:24:00,0,
144,000000,1905,President Trump Makes Remarks at the St. Patrick‚Äôs Day Reception https://t.co/73AM1MX7ow via @YouTube,"Vote Trump 2020! I Love My God & Family & President,I'm #Prolife 100% USA - End PC",2017-03-16T22:21:01,United States,,842500980482686976,jnsgaw,2011-12-24T19:23:26,0,
145,C0DEED,2377,Funding for the Great Lakes dries up in President Trump's new budget.  @WISN12News gets answers on the fall out at 6.,Reporter & anchor for WISN 12 News,2017-03-16T22:21:01,Milwaukee,,842500980621086727,JoyceGarbaciak,2013-01-02T16:48:21,0,
146,C0DEED,339,"Bow Wow Went Too Far with Melania Trump, Says His Pal Sincere Show (VIDEO) https://t.co/6CU5wSOMFx via @TMZ","Liz Houser, Antique Business Owner, Retired Educator, Wife, Mother, Petüêï‚ù§ ASD Consultant, ‚ù§Ô∏èGod & County, patrioticüá∫üá∏ MAGA",2017-03-16T22:21:01,"Marietta, GA",,842500980310728705,luvnewinfo,2011-02-26T19:23:37,0,
147,F5F8FA,156,"Cost of security for Trump Tower: $183 million/year
Budget for National Endowment Arts/Humanities: $148 million/year",Tweeting pseudonymously. books books books strident political commentary books books music. The election has reduced me to manic retweeting.,2017-03-16T22:21:01,"Wichita, KS",,842500981564850177,DouglasFinkbine,2016-08-12T03:06:56,0,
148,000000,24986,"Paul Ryan blames ""earpiece problem"" while dodging question about Donald Trump‚Äôs wiretap claim https://t.co/rNCgXhhRXE via @PalmerReport","Welcome to Muck's place, where the LEFT is right.Pic's of Glacier Park and one of it's finest. Read the muck and add your opinion,that's Muckmaking! #Russia",2017-03-16T22:21:01,"Montana, USA",,842500981720072192,RealMuckmaker,2016-05-17T10:17:07,0,
149,C0DEED,19,@ABC so if the Irish ira terrorists attacked the USA--would trump ban the Irish üçÄ,,2017-03-16T22:21:01,,,842500982215008261,VeitJohn,2013-12-21T17:03:19,0,
150,C6E2EE,418,"Again, assholes...üò° https://t.co/21PsVQnzG9","I'm the Trixy behind http://trixwithay.com, mother of 2, wife of 1, I make art, trail run, hike and love exploring my home in the PNW.",2017-03-16T22:21:01,"Olympia, WA 98501",,842500982328168448,trixwithay,2009-02-11T15:52:12,0,
151,F5F8FA,71,You always know whatever Trump regime does is going to be BAD. But then it ends up being even worse.,"AKA igotviews. Somehow locked out of it, cant remember email I used to get back in. Doh! Still here to learn for myself, think for myself and have my say.",2017-03-16T22:21:01,"Canton, MI",,842500982575681541,broadeyeview,2016-08-15T22:10:18,0,
152,642D8B,55,"@realDonaldTrump Oh, Mexico is going to pay for the wall, another lie you told. https://t.co/GvXDroTvEp",,2017-03-16T22:21:01,,,842500982676377602,juanitat10,2010-05-08T18:28:53,0,
153,C0DEED,238,#potus and his #flyingmonkeys are #heartless https://t.co/p8X0HP3zMh,"University of Baltimore School of Law Alumni, Towson University Alumni. LEED AP BD&C",2017-03-16T22:21:01,,,842500982835740672,pedersen_katie,2012-08-17T18:03:09,0,
